station,rms
V.ASOB,0.06561382473672399
V.ASO2,0.04146134519262157
V.ASOC,0.1411576608317663
